09:00 - 09:30,開場,開場,開場,開場,開場
09:30 - 10:00,オープニング,,,,
10:00 - 10:50,`基調講演:Georg Brandl <../speakers/keynote.html>`_,,,,
10:50 - 11:10,休憩,休憩,休憩,休憩,休憩
11:10 - 12:00,,:ref:`session-14-1110-RoomA0715(Ja1)-ja`,:ref:`session-14-1110-RoomA0765(Ja2)-ja`,:ref:`session-14-1110-RoomA0712(En1)-ja`,:ref:`session-14-1110-RoomA0762(En2)-ja`
12:00 - 13:00,昼休み,昼休み,昼休み,昼休み,昼休み
13:00 - 13:30,,:ref:`session-14-1300-RoomA0715(Ja1)-ja`,:ref:`session-14-1300-RoomA0765(Ja2)-ja`,:ref:`session-14-1300-RoomA0712(En1)-ja`,:ref:`session-14-1300-RoomA0762(En2)-ja`
13:30 - 13:40,休憩,休憩,休憩,休憩,休憩
13:40 - 14:10,,:ref:`session-14-1340-RoomA0715(Ja1)-ja`,:ref:`session-14-1340-RoomA0765(Ja2)-ja`,:ref:`session-14-1340-RoomA0712(En1)-ja`,:ref:`session-14-1340-RoomA0762(En2)-ja`
14:10 - 14:20,休憩,休憩,休憩,休憩,休憩
14:20 - 14:50,,:ref:`session-14-1420-RoomA0715(Ja1)-ja`,:ref:`session-14-1420-RoomA0765(Ja2)-ja`,:ref:`session-14-1420-RoomA0712(En1)-ja`,:ref:`session-14-1420-RoomA0762(En2)-ja`
14:50 - 15:30,Tea Break,Tea Break,Tea Break,Tea Break,Tea Break
15:30 - 16:20,,:ref:`session-14-1530-RoomA0715(Ja1)-ja`,:ref:`session-14-1530-RoomA0765(Ja2)-ja`,:ref:`session-14-1530-RoomA0712(En1)-ja`,:ref:`session-14-1530-RoomA0762(En2)-ja`
16:20 - 16:30,休憩,休憩,休憩,休憩,休憩
16:30 - 17:20,,:ref:`session-14-1630-RoomA0715(Ja1)-ja`,:ref:`session-14-1630-RoomA0765(Ja2)-ja`,:ref:`session-14-1630-RoomA0712(En1)-ja`,:ref:`session-14-1630-RoomA0762(En2)-ja`
17:20 - 17:30,休憩,休憩,休憩,休憩,休憩
17:30 - 18:20,,:ref:`session-14-1730-RoomA0715(Ja1)-ja`,:ref:`session-14-1730-RoomA0765(Ja2)-ja`,:ref:`session-14-1730-RoomA0712(En1)-ja`,:ref:`session-14-1730-RoomA0762(En2)-ja`
18:20 - 18:30,休憩,休憩,休憩,休憩,休憩
18:30 - 18:40,クロージング,,,,
